Price,Close,High,Low,Open,Volume
Ticker,JPY=X,JPY=X,JPY=X,JPY=X,JPY=X
Datetime,,,,,
2026-01-21 00:00:00+00:00,158.11500549316406,158.28199768066406,158.10699462890625,158.14599609375,0
2026-01-21 01:00:00+00:00,157.96099853515625,158.1699981689453,157.85000610351562,158.11500549316406,0
2026-01-21 02:00:00+00:00,157.91600036621094,158.0780029296875,157.8800048828125,157.95899963378906,0
2026-01-21 03:00:00+00:00,158.08700561523438,158.1490020751953,157.88400268554688,157.91000366210938,0
2026-01-21 04:00:00+00:00,158.02999877929688,158.1320037841797,157.99000549316406,158.08799743652344,0
2026-01-21 05:00:00+00:00,158.20399475097656,158.24000549316406,158.0260009765625,158.03500366210938,0
2026-01-21 06:00:00+00:00,158.14500427246094,158.2570037841797,158.07699584960938,158.2050018310547,0
2026-01-21 07:00:00+00:00,157.9199981689453,158.16700744628906,157.8679962158203,158.14300537109375,0
2026-01-21 08:00:00+00:00,157.86700439453125,157.98699951171875,157.81399536132812,157.9250030517578,0
2026-01-21 09:00:00+00:00,158.0050048828125,158.03900146484375,157.82699584960938,157.87100219726562,0
2026-01-21 10:00:00+00:00,158.01699829101562,158.08900451660156,157.98199462890625,158.00399780273438,0
2026-01-21 11:00:00+00:00,157.91299438476562,158.07699584960938,157.90699768066406,158.0240020751953,0
2026-01-21 12:00:00+00:00,157.78700256347656,157.9409942626953,157.74000549316406,157.91200256347656,0
2026-01-21 13:00:00+00:00,157.88600158691406,157.94200134277344,157.75799560546875,157.79100036621094,0
2026-01-21 14:00:00+00:00,158.11399841308594,158.1529998779297,157.86900329589844,157.8800048828125,0
2026-01-21 15:00:00+00:00,158.21600341796875,158.31100463867188,158.0540008544922,158.10899353027344,0
2026-01-21 16:00:00+00:00,158.16600036621094,158.25900268554688,158.0709991455078,158.2100067138672,0
2026-01-21 17:00:00+00:00,158.14199829101562,158.21499633789062,158.03199768066406,158.16799926757812,0
2026-01-21 18:00:00+00:00,158.218994140625,158.22999572753906,158.10800170898438,158.14199829101562,0
2026-01-21 19:00:00+00:00,158.37600708007812,158.53399658203125,158.13499450683594,158.21600341796875,0
2026-01-21 20:00:00+00:00,158.36599731445312,158.49899291992188,158.322998046875,158.38600158691406,0
2026-01-21 21:00:00+00:00,158.25900268554688,158.42100524902344,158.25900268554688,158.375,0
2026-01-21 22:00:00+00:00,158.29100036621094,158.33799743652344,158.23199462890625,158.28700256347656,0
2026-01-21 23:00:00+00:00,158.47000122070312,158.47300720214844,158.2519989013672,158.29400634765625,0
2026-01-22 00:00:00+00:00,158.23500061035156,158.49200439453125,158.17100524902344,158.4600067138672,0
2026-01-22 01:00:00+00:00,158.34300231933594,158.3679962158203,158.2100067138672,158.23500061035156,0
2026-01-22 02:00:00+00:00,158.4669952392578,158.47999572753906,158.33399963378906,158.3489990234375,0
2026-01-22 03:00:00+00:00,158.5570068359375,158.58900451660156,158.3939971923828,158.45899963378906,0
2026-01-22 04:00:00+00:00,158.64100646972656,158.7050018310547,158.54600524902344,158.55499267578125,0
2026-01-22 05:00:00+00:00,158.7100067138672,158.73399353027344,158.6219940185547,158.64100646972656,0
2026-01-22 06:00:00+00:00,158.77200317382812,158.8509979248047,158.697998046875,158.71600341796875,0
2026-01-22 07:00:00+00:00,158.77499389648438,158.89300537109375,158.7530059814453,158.7779998779297,0
2026-01-22 08:00:00+00:00,158.76400756835938,158.85699462890625,158.72500610351562,158.7760009765625,0
2026-01-22 09:00:00+00:00,158.69400024414062,158.7790069580078,158.6020050048828,158.7689971923828,0
2026-01-22 10:00:00+00:00,158.62399291992188,158.76400756835938,158.61900329589844,158.69000244140625,0
2026-01-22 11:00:00+00:00,158.59100341796875,158.7030029296875,158.52999877929688,158.63299560546875,0
2026-01-22 12:00:00+00:00,158.81900024414062,158.82899475097656,158.5330047607422,158.5850067138672,0
2026-01-22 13:00:00+00:00,158.7010040283203,158.85800170898438,158.61500549316406,158.81900024414062,0
2026-01-22 14:00:00+00:00,158.6179962158203,158.76199340820312,158.52999877929688,158.6929931640625,0
2026-01-22 15:00:00+00:00,158.38999938964844,158.6479949951172,158.3459930419922,158.61099243164062,0
2026-01-22 16:00:00+00:00,158.35400390625,158.42599487304688,158.2519989013672,158.39199829101562,0
2026-01-22 17:00:00+00:00,158.3070068359375,158.50799560546875,158.22900390625,158.36399841308594,0
2026-01-22 18:00:00+00:00,158.31100463867188,158.33799743652344,158.27000427246094,158.30099487304688,0
2026-01-22 19:00:00+00:00,158.40899658203125,158.4709930419922,158.2899932861328,158.3090057373047,0
2026-01-22 20:00:00+00:00,158.43299865722656,158.4429931640625,158.3300018310547,158.3990020751953,0
2026-01-22 21:00:00+00:00,158.38600158691406,158.4709930419922,158.37100219726562,158.43899536132812,0
2026-01-22 22:00:00+00:00,158.39300537109375,158.4080047607422,158.3260040283203,158.38400268554688,0
2026-01-22 23:00:00+00:00,158.4980010986328,158.53399658203125,158.3249969482422,158.3679962158203,0
2026-01-23 00:00:00+00:00,158.51800537109375,158.58299255371094,158.4290008544922,158.47799682617188,0
2026-01-23 01:00:00+00:00,158.63499450683594,158.66299438476562,158.47300720214844,158.51800537109375,0
2026-01-23 02:00:00+00:00,158.5850067138672,158.6840057373047,158.49099731445312,158.63999938964844,0
2026-01-23 03:00:00+00:00,158.6320037841797,158.74200439453125,158.47300720214844,158.59800720214844,0
2026-01-23 04:00:00+00:00,158.53599548339844,158.66700744628906,158.5260009765625,158.63099670410156,0
2026-01-23 05:00:00+00:00,158.61399841308594,158.63699340820312,158.46400451660156,158.54800415039062,0
2026-01-23 06:00:00+00:00,158.86700439453125,158.94900512695312,158.53799438476562,158.62399291992188,0
2026-01-23 07:00:00+00:00,158.3730010986328,159.2259979248047,157.27499389648438,158.87399291992188,0
2026-01-23 08:00:00+00:00,158.13400268554688,158.49200439453125,158.0970001220703,158.38499450683594,0
2026-01-23 09:00:00+00:00,158.0070037841797,158.14999389648438,157.85800170898438,158.12600708007812,0
2026-01-23 10:00:00+00:00,158.19400024414062,158.2480010986328,157.98800659179688,157.99600219726562,0
2026-01-23 11:00:00+00:00,158.1280059814453,158.31700134277344,158.1269989013672,158.19400024414062,0
2026-01-23 12:00:00+00:00,158.156005859375,158.26499938964844,158.08399963378906,158.1280059814453,0
2026-01-23 13:00:00+00:00,158.26499938964844,158.27699279785156,158.08399963378906,158.1529998779297,0
2026-01-23 14:00:00+00:00,158.2429962158203,158.33799743652344,158.1959991455078,158.25900268554688,0
2026-01-23 15:00:00+00:00,158.10699462890625,158.30799865722656,158.08900451660156,158.26100158691406,0
2026-01-23 16:00:00+00:00,157.56399536132812,158.22500610351562,157.35800170898438,158.11300659179688,0
2026-01-23 17:00:00+00:00,156.35800170898438,157.6199951171875,156.11399841308594,157.55599975585938,0
2026-01-23 18:00:00+00:00,156.16400146484375,156.63699340820312,156.00599670410156,156.35699462890625,0
2026-01-23 19:00:00+00:00,155.88099670410156,156.26199340820312,155.6739959716797,156.1649932861328,0
2026-01-23 20:00:00+00:00,155.81500244140625,155.96200561523438,155.7239990234375,155.88600158691406,0
2026-01-23 21:00:00+00:00,155.71499633789062,155.87100219726562,155.60299682617188,155.8040008544922,0
2026-01-23 22:00:00+00:00,155.718994140625,155.718994140625,155.7169952392578,155.7169952392578,0
2026-01-26 00:00:00+00:00,154.83299255371094,155.34500122070312,154.65699768066406,155.14999389648438,0
2026-01-26 01:00:00+00:00,154.41799926757812,154.9320068359375,154.29400634765625,154.84100341796875,0
2026-01-26 02:00:00+00:00,153.98599243164062,154.48300170898438,153.8780059814453,154.4239959716797,0
2026-01-26 03:00:00+00:00,154.2100067138672,154.34100341796875,153.9409942626953,153.99200439453125,0
2026-01-26 04:00:00+00:00,154.0229949951172,154.2760009765625,153.80099487304688,154.20700073242188,0
2026-01-26 05:00:00+00:00,154.1060028076172,154.11599731445312,153.9149932861328,154.0330047607422,0
2026-01-26 06:00:00+00:00,154.24200439453125,154.41799926757812,154.02200317382812,154.09800720214844,0
2026-01-26 07:00:00+00:00,154.2469940185547,154.32400512695312,153.90199279785156,154.23500061035156,0
2026-01-26 08:00:00+00:00,153.90899658203125,154.34800720214844,153.38900756835938,154.24200439453125,0
2026-01-26 09:00:00+00:00,153.66799926757812,154.13800048828125,153.5189971923828,153.91799926757812,0
2026-01-26 10:00:00+00:00,153.56100463867188,153.88699340820312,153.5189971923828,153.66200256347656,0
2026-01-26 11:00:00+00:00,153.73899841308594,153.82699584960938,153.29800415039062,153.5590057373047,0
2026-01-26 12:00:00+00:00,154.1300048828125,154.1909942626953,153.7259979248047,153.73899841308594,0
2026-01-26 13:00:00+00:00,154.06100463867188,154.33799743652344,154.03599548339844,154.1230010986328,0
2026-01-26 14:00:00+00:00,153.7310028076172,154.13400268554688,153.68699645996094,154.052001953125,0
2026-01-26 15:00:00+00:00,153.80599975585938,153.88499450683594,153.60899353027344,153.74200439453125,0
2026-01-26 16:00:00+00:00,153.8780059814453,154.0290069580078,153.70899963378906,153.81300354003906,0
2026-01-26 17:00:00+00:00,153.9709930419922,154.11199951171875,153.85800170898438,153.8820037841797,0
2026-01-26 18:00:00+00:00,154.16099548339844,154.19400024414062,153.88999938964844,153.9720001220703,0
2026-01-26 19:00:00+00:00,154.03900146484375,154.27499389648438,154.02000427246094,154.15899658203125,0
2026-01-26 20:00:00+00:00,154.0800018310547,154.14700317382812,153.8520050048828,154.0399932861328,0
2026-01-26 21:00:00+00:00,154.16900634765625,154.26100158691406,154.05299377441406,154.08700561523438,0
2026-01-26 22:00:00+00:00,154.16400146484375,154.26499938964844,154.07899475097656,154.17599487304688,0
2026-01-26 23:00:00+00:00,154.3719940185547,154.42799377441406,154.07699584960938,154.1439971923828,0
2026-01-27 00:00:00+00:00,154.28799438476562,154.4499969482422,154.11399841308594,154.38600158691406,0
2026-01-27 01:00:00+00:00,154.33900451660156,154.40899658203125,154.2310028076172,154.28799438476562,0
2026-01-27 02:00:00+00:00,154.25900268554688,154.36500549316406,154.07699584960938,154.3470001220703,0
2026-01-27 03:00:00+00:00,154.41700744628906,154.468994140625,154.2310028076172,154.25599670410156,0
2026-01-27 04:00:00+00:00,154.593994140625,154.62399291992188,154.4040069580078,154.41600036621094,0
2026-01-27 05:00:00+00:00,154.5019989013672,154.64199829101562,154.4239959716797,154.59500122070312,0
2026-01-27 06:00:00+00:00,154.5330047607422,154.61199951171875,154.36199951171875,154.5019989013672,0
2026-01-27 07:00:00+00:00,154.7310028076172,154.76499938964844,154.45899963378906,154.531005859375,0
2026-01-27 08:00:00+00:00,154.69700622558594,154.8780059814453,154.63099670410156,154.73300170898438,0
2026-01-27 09:00:00+00:00,153.73800659179688,154.73500061035156,153.16000366210938,154.7030029296875,0
2026-01-27 10:00:00+00:00,153.7310028076172,154.1929931640625,153.5449981689453,153.74200439453125,0
2026-01-27 11:00:00+00:00,153.7270050048828,153.76499938964844,153.5540008544922,153.7429962158203,0
2026-01-27 12:00:00+00:00,153.30599975585938,153.79299926757812,153.25100708007812,153.72900390625,0
2026-01-27 13:00:00+00:00,153.25100708007812,153.42300415039062,152.98300170898438,153.3040008544922,0
2026-01-27 14:00:00+00:00,153.20899963378906,153.375,152.9199981689453,153.2480010986328,0
2026-01-27 15:00:00+00:00,153.23599243164062,153.33900451660156,152.86599731445312,153.2220001220703,0
2026-01-27 16:00:00+00:00,153.04100036621094,153.26699829101562,152.93800354003906,153.2429962158203,0
2026-01-27 17:00:00+00:00,152.76600646972656,153.1510009765625,152.6009979248047,153.0399932861328,0
2026-01-27 18:00:00+00:00,152.76300048828125,152.88299560546875,152.56399536132812,152.76499938964844,0
2026-01-27 19:00:00+00:00,152.7100067138672,152.83999633789062,152.6959991455078,152.76300048828125,0
2026-01-27 20:00:00+00:00,152.3800048828125,152.8419952392578,152.0850067138672,152.71400451660156,0
2026-01-27 21:00:00+00:00,152.19400024414062,152.48300170898438,152.13400268554688,152.3769989013672,0
2026-01-27 22:00:00+00:00,152.29200744628906,152.43800354003906,152.11500549316406,152.156005859375,0
2026-01-27 23:00:00+00:00,152.43299865722656,152.6230010986328,152.21499633789062,152.29400634765625,0
2026-01-28 00:00:00+00:00,152.62899780273438,152.7169952392578,152.42799377441406,152.49600219726562,0
2026-01-28 01:00:00+00:00,152.98699951171875,152.9949951171875,152.58900451660156,152.63699340820312,0
2026-01-28 02:00:00+00:00,152.83900451660156,153.0679931640625,152.80499267578125,152.98699951171875,0
2026-01-28 03:00:00+00:00,152.72000122070312,152.8419952392578,152.64199829101562,152.83700561523438,0
2026-01-28 04:00:00+00:00,152.5570068359375,152.83700561523438,152.5189971923828,152.7209930419922,0
2026-01-28 05:00:00+00:00,152.6269989013672,152.73599243164062,152.4669952392578,152.55299377441406,0
2026-01-28 06:00:00+00:00,152.6479949951172,152.7270050048828,152.5489959716797,152.62899780273438,0
2026-01-28 07:00:00+00:00,152.6479949951172,152.73399353027344,152.27099609375,152.64199829101562,0
2026-01-28 08:00:00+00:00,152.63499450683594,152.80599975585938,152.3990020751953,152.64199829101562,0
2026-01-28 09:00:00+00:00,152.71099853515625,152.76499938964844,152.5540008544922,152.63699340820312,0
2026-01-28 10:00:00+00:00,152.56100463867188,152.72500610351562,152.343994140625,152.71299743652344,0
2026-01-28 11:00:00+00:00,152.60299682617188,152.7239990234375,152.54200744628906,152.56100463867188,0
2026-01-28 12:00:00+00:00,152.57000732421875,152.64199829101562,152.3820037841797,152.60499572753906,0
2026-01-28 13:00:00+00:00,152.8470001220703,152.91700744628906,152.53700256347656,152.5659942626953,0
2026-01-28 14:00:00+00:00,152.8280029296875,152.99400329589844,152.64700317382812,152.84100341796875,0
2026-01-28 15:00:00+00:00,153.45899963378906,153.73599243164062,152.76199340820312,152.8280029296875,0
2026-01-28 16:00:00+00:00,153.6009979248047,153.78700256347656,153.41099548339844,153.46400451660156,0
2026-01-28 17:00:00+00:00,153.52200317382812,153.7570037841797,153.5189971923828,153.5970001220703,0
2026-01-28 18:00:00+00:00,153.82000732421875,153.94900512695312,153.52000427246094,153.52499389648438,0
2026-01-28 19:00:00+00:00,153.48899841308594,154.0469970703125,153.45599365234375,153.82000732421875,0
2026-01-28 20:00:00+00:00,153.3800048828125,153.5760040283203,153.2989959716797,153.49000549316406,0
2026-01-28 21:00:00+00:00,153.4010009765625,153.46499633789062,153.2899932861328,153.38099670410156,0
2026-01-28 22:00:00+00:00,153.4149932861328,153.4290008544922,153.33999633789062,153.41200256347656,0
2026-01-28 23:00:00+00:00,153.1060028076172,153.4219970703125,153.0229949951172,153.41799926757812,0
2026-01-29 00:00:00+00:00,153.08799743652344,153.21600341796875,152.75799560546875,153.08299255371094,0
2026-01-29 01:00:00+00:00,153.2530059814453,153.3560028076172,153.06500244140625,153.09300231933594,0
2026-01-29 02:00:00+00:00,153.10699462890625,153.39199829101562,153.02000427246094,153.25999450683594,0
2026-01-29 03:00:00+00:00,152.9199981689453,153.18299865722656,152.89700317382812,153.11399841308594,0
2026-01-29 04:00:00+00:00,152.97500610351562,153.23199462890625,152.89500427246094,152.9199981689453,0
2026-01-29 05:00:00+00:00,153.02000427246094,153.0919952392578,152.8979949951172,152.96800231933594,0
2026-01-29 06:00:00+00:00,153.0489959716797,153.1540069580078,152.91099548339844,153.01699829101562,0
2026-01-29 07:00:00+00:00,153.30799865722656,153.4219970703125,152.97999572753906,153.05099487304688,0
2026-01-29 08:00:00+00:00,153.3159942626953,153.45799255371094,153.15199279785156,153.31500244140625,0
2026-01-29 09:00:00+00:00,153.31199645996094,153.38299560546875,153.13299560546875,153.31399536132812,0
2026-01-29 10:00:00+00:00,153.4320068359375,153.4510040283203,153.2689971923828,153.30999755859375,0
2026-01-29 11:00:00+00:00,153.46200561523438,153.53700256347656,153.37100219726562,153.43600463867188,0
2026-01-29 12:00:00+00:00,153.22500610351562,153.4759979248047,153.21800231933594,153.45799255371094,0
2026-01-29 13:00:00+00:00,153.32699584960938,153.40499877929688,153.16799926757812,153.22000122070312,0
2026-01-29 14:00:00+00:00,153.05599975585938,153.3939971923828,153.0,153.32899475097656,0
2026-01-29 15:00:00+00:00,152.80599975585938,153.51400756835938,152.67300415039062,153.07200622558594,0
2026-01-29 16:00:00+00:00,152.88900756835938,153.0489959716797,152.71400451660156,152.80299377441406,0
2026-01-29 17:00:00+00:00,152.90199279785156,152.9709930419922,152.79600524902344,152.89100646972656,0
2026-01-29 18:00:00+00:00,153.00900268554688,153.14700317382812,152.89500427246094,152.90199279785156,0
2026-01-29 19:00:00+00:00,153.07000732421875,153.1699981689453,153.0050048828125,153.01499938964844,0
2026-01-29 20:00:00+00:00,153.11000061035156,153.21299743652344,153.01199340820312,153.0760040283203,0
2026-01-29 21:00:00+00:00,153.11300659179688,153.1750030517578,153.04800415039062,153.11300659179688,0
2026-01-29 22:00:00+00:00,152.96099853515625,153.13600158691406,152.93800354003906,153.08900451660156,0
2026-01-29 23:00:00+00:00,153.17300415039062,153.18800354003906,152.8560028076172,152.9720001220703,0
2026-01-30 00:00:00+00:00,153.4949951171875,153.64999389648438,153.0709991455078,153.1320037841797,0
2026-01-30 01:00:00+00:00,153.7530059814453,153.79200744628906,153.4510040283203,153.5019989013672,0
2026-01-30 02:00:00+00:00,153.802001953125,153.97900390625,153.6439971923828,153.7469940185547,0
2026-01-30 03:00:00+00:00,153.94500732421875,153.97000122070312,153.76100158691406,153.80499267578125,0
2026-01-30 04:00:00+00:00,153.92100524902344,153.9720001220703,153.83399963378906,153.9499969482422,0
2026-01-30 05:00:00+00:00,153.91200256347656,154.13900756835938,153.76400756835938,153.92300415039062,0
2026-01-30 06:00:00+00:00,153.90199279785156,153.98699951171875,153.7449951171875,153.91400146484375,0
2026-01-30 07:00:00+00:00,153.8000030517578,154.05599975585938,153.70700073242188,153.8990020751953,0
2026-01-30 08:00:00+00:00,153.94000244140625,153.95799255371094,153.69900512695312,153.7949981689453,0
2026-01-30 09:00:00+00:00,154.26699829101562,154.28500366210938,153.9219970703125,153.94200134277344,0
2026-01-30 10:00:00+00:00,154.15499877929688,154.38800048828125,154.07899475097656,154.2790069580078,0
2026-01-30 11:00:00+00:00,153.85699462890625,154.1739959716797,153.8459930419922,154.16600036621094,0
2026-01-30 12:00:00+00:00,154.03500366210938,154.072998046875,153.78799438476562,153.85000610351562,0
2026-01-30 13:00:00+00:00,154.36599731445312,154.375,153.97000122070312,154.0290069580078,0
2026-01-30 14:00:00+00:00,154.45599365234375,154.52200317382812,154.23800659179688,154.35899353027344,0
2026-01-30 15:00:00+00:00,154.7469940185547,154.76100158691406,154.447998046875,154.46499633789062,0
2026-02-02 20:00:00+00:00,155.5800018310547,155.63800048828125,155.51800537109375,155.62600708007812,0
2026-02-02 21:00:00+00:00,155.61900329589844,155.62100219726562,155.51800537109375,155.57699584960938,0
2026-02-02 22:00:00+00:00,155.53500366210938,155.64100646972656,155.50100708007812,155.61900329589844,0
2026-02-02 23:00:00+00:00,155.47500610351562,155.5989990234375,155.40699768066406,155.51699829101562,0
2026-02-03 00:00:00+00:00,155.4669952392578,155.5970001220703,155.43099975585938,155.46200561523438,0
2026-02-03 01:00:00+00:00,155.46200561523438,155.6179962158203,155.4029998779297,155.46400451660156,0
2026-02-03 02:00:00+00:00,155.53199768066406,155.5449981689453,155.37100219726562,155.46200561523438,0
2026-02-03 03:00:00+00:00,155.46600341796875,155.55599975585938,155.3939971923828,155.5279998779297,0
2026-02-03 04:00:00+00:00,155.41299438476562,155.4969940185547,155.2949981689453,155.47300720214844,0
2026-02-03 05:00:00+00:00,155.43099975585938,155.4739990234375,155.32899475097656,155.41000366210938,0
2026-02-03 06:00:00+00:00,155.41000366210938,155.4770050048828,155.34800720214844,155.42100524902344,0
2026-02-03 07:00:00+00:00,155.4029998779297,155.5260009765625,155.29600524902344,155.41099548339844,0
2026-02-03 08:00:00+00:00,155.53399658203125,155.58200073242188,155.35800170898438,155.39999389648438,0
2026-02-03 09:00:00+00:00,155.86599731445312,155.8769989013672,155.5019989013672,155.5330047607422,0
2026-02-03 10:00:00+00:00,155.9219970703125,155.9530029296875,155.7790069580078,155.86500549316406,0
2026-02-03 11:00:00+00:00,155.9510040283203,155.98399353027344,155.86599731445312,155.91700744628906,0
2026-02-03 12:00:00+00:00,155.875,155.95899963378906,155.84500122070312,155.9429931640625,0
2026-02-03 13:00:00+00:00,155.88299560546875,155.8939971923828,155.76300048828125,155.86700439453125,0
2026-02-03 14:00:00+00:00,155.8560028076172,156.08299255371094,155.78799438476562,155.8820037841797,0
2026-02-03 15:00:00+00:00,155.70700073242188,155.93299865722656,155.69700622558594,155.86399841308594,0
2026-02-03 16:00:00+00:00,155.70899963378906,155.77699279785156,155.6540069580078,155.70700073242188,0
2026-02-03 17:00:00+00:00,155.71299743652344,155.7310028076172,155.51800537109375,155.70399475097656,0
2026-02-03 18:00:00+00:00,155.6490020751953,155.802001953125,155.59500122070312,155.7169952392578,0
2026-02-03 19:00:00+00:00,155.76800537109375,155.8040008544922,155.63900756835938,155.6439971923828,0
2026-02-03 20:00:00+00:00,155.7310028076172,155.80999755859375,155.68899536132812,155.77000427246094,0
2026-02-03 21:00:00+00:00,155.72500610351562,155.78700256347656,155.68699645996094,155.72999572753906,0
2026-02-03 22:00:00+00:00,155.75100708007812,155.8070068359375,155.69400024414062,155.72900390625,0
2026-02-03 23:00:00+00:00,155.7949981689453,155.8560028076172,155.677001953125,155.72999572753906,0
2026-02-04 00:00:00+00:00,156.0260009765625,156.03599548339844,155.79299926757812,155.79299926757812,0
2026-02-04 01:00:00+00:00,156.13299560546875,156.18699645996094,156.00900268554688,156.0189971923828,0
2026-02-04 02:00:00+00:00,156.2550048828125,156.29100036621094,156.11500549316406,156.1280059814453,0
2026-02-04 03:00:00+00:00,156.31399536132812,156.39199829101562,156.23899841308594,156.2550048828125,0
2026-02-04 04:00:00+00:00,156.27000427246094,156.36199951171875,156.24000549316406,156.30999755859375,0
2026-02-04 05:00:00+00:00,156.29800415039062,156.35299682617188,156.22799682617188,156.27000427246094,0
2026-02-04 06:00:00+00:00,156.35400390625,156.38800048828125,156.2259979248047,156.29299926757812,0
2026-02-04 07:00:00+00:00,156.41799926757812,156.4669952392578,156.31100463867188,156.34800720214844,0
2026-02-04 08:00:00+00:00,156.4600067138672,156.4949951171875,156.38600158691406,156.4239959716797,0
2026-02-04 09:00:00+00:00,156.6439971923828,156.66799926757812,156.38800048828125,156.46600341796875,0
2026-02-04 10:00:00+00:00,156.7259979248047,156.8070068359375,156.60400390625,156.64199829101562,0
2026-02-04 11:00:00+00:00,156.8179931640625,156.85400390625,156.70700073242188,156.7259979248047,0
2026-02-04 12:00:00+00:00,156.6219940185547,156.82400512695312,156.58799743652344,156.8159942626953,0
2026-02-04 13:00:00+00:00,156.4709930419922,156.76300048828125,156.4530029296875,156.61900329589844,0
2026-02-04 14:00:00+00:00,156.447998046875,156.59300231933594,156.40199279785156,156.4770050048828,0
2026-02-04 15:00:00+00:00,156.64700317382812,156.70700073242188,156.33999633789062,156.4409942626953,0
2026-02-04 16:00:00+00:00,156.61199951171875,156.73800659179688,156.5449981689453,156.65199279785156,0
2026-02-04 17:00:00+00:00,156.66400146484375,156.69400024414062,156.45399475097656,156.61199951171875,0
2026-02-04 18:00:00+00:00,156.781005859375,156.78700256347656,156.6230010986328,156.66799926757812,0
2026-02-04 19:00:00+00:00,156.81900024414062,156.89300537109375,156.73399353027344,156.77000427246094,0
2026-02-04 20:00:00+00:00,156.9199981689453,156.9409942626953,156.80099487304688,156.81900024414062,0
2026-02-04 21:00:00+00:00,156.8280029296875,156.94700622558594,156.8159942626953,156.91799926757812,0
2026-02-04 22:00:00+00:00,156.79800415039062,156.86700439453125,156.6699981689453,156.8280029296875,0
2026-02-04 23:00:00+00:00,156.89500427246094,156.9409942626953,156.77499389648438,156.81399536132812,0
2026-02-05 00:00:00+00:00,156.77699279785156,156.98599243164062,156.6999969482422,156.906005859375,0
2026-02-05 01:00:00+00:00,156.85299682617188,156.94400024414062,156.77499389648438,156.7779998779297,0
2026-02-05 02:00:00+00:00,156.87399291992188,156.97000122070312,156.7760009765625,156.86300659179688,0
2026-02-05 03:00:00+00:00,156.79600524902344,156.9149932861328,156.67599487304688,156.8719940185547,0
2026-02-05 04:00:00+00:00,156.80999755859375,156.8699951171875,156.78599548339844,156.78599548339844,0
2026-02-05 05:00:00+00:00,156.9709930419922,156.98800659179688,156.80599975585938,156.80799865722656,0
2026-02-05 06:00:00+00:00,157.00100708007812,157.06300354003906,156.8419952392578,156.9709930419922,0
2026-02-05 07:00:00+00:00,157.09100341796875,157.19900512695312,156.90899658203125,157.00999450683594,0
2026-02-05 08:00:00+00:00,157.0019989013672,157.15899658203125,156.9969940185547,157.0959930419922,0
2026-02-05 09:00:00+00:00,157.32200622558594,157.33700561523438,156.9929962158203,157.0,0
2026-02-05 10:00:00+00:00,157.23800659179688,157.33599853515625,157.156005859375,157.3209991455078,0
2026-02-05 11:00:00+00:00,157.13900756835938,157.281005859375,157.11399841308594,157.23800659179688,0
2026-02-05 12:00:00+00:00,156.9510040283203,157.28799438476562,156.85299682617188,157.13999938964844,0
2026-02-05 13:00:00+00:00,156.593994140625,156.95199584960938,156.5240020751953,156.9510040283203,0
2026-02-05 14:00:00+00:00,156.875,156.92100524902344,156.58299255371094,156.593994140625,0
2026-02-05 15:00:00+00:00,156.8350067138672,156.88099670410156,156.53799438476562,156.86399841308594,0
2026-02-05 16:00:00+00:00,156.90699768066406,157.02099609375,156.78500366210938,156.82000732421875,0
2026-02-05 17:00:00+00:00,156.8070068359375,156.93499755859375,156.79400634765625,156.90699768066406,0
2026-02-05 18:00:00+00:00,156.84100341796875,156.9029998779297,156.75799560546875,156.7989959716797,0
2026-02-05 19:00:00+00:00,156.8979949951172,156.91000366210938,156.78799438476562,156.84100341796875,0
2026-02-05 20:00:00+00:00,157.03599548339844,157.05099487304688,156.8699951171875,156.8979949951172,0
2026-02-05 21:00:00+00:00,157.0500030517578,157.09500122070312,156.98599243164062,157.03599548339844,0
2026-02-05 22:00:00+00:00,157.0070037841797,157.0780029296875,156.88699340820312,157.04800415039062,0
2026-02-05 23:00:00+00:00,156.79400634765625,157.05299377441406,156.7050018310547,156.98599243164062,0
2026-02-06 00:00:00+00:00,156.6529998779297,156.8350067138672,156.58299255371094,156.80099487304688,0
2026-02-06 01:00:00+00:00,156.65199279785156,156.7899932861328,156.50399780273438,156.6490020751953,0
2026-02-06 02:00:00+00:00,156.72500610351562,156.8300018310547,156.6439971923828,156.65199279785156,0
2026-02-06 03:00:00+00:00,156.72900390625,156.77099609375,156.6719970703125,156.73300170898438,0
2026-02-06 04:00:00+00:00,156.63699340820312,156.75100708007812,156.61900329589844,156.73399353027344,0
2026-02-06 05:00:00+00:00,156.75100708007812,156.7689971923828,156.58299255371094,156.64700317382812,0
2026-02-06 06:00:00+00:00,156.7790069580078,156.9040069580078,156.74899291992188,156.75599670410156,0
2026-02-06 07:00:00+00:00,156.85800170898438,156.88800048828125,156.66400146484375,156.7779998779297,0
2026-02-06 08:00:00+00:00,156.98699951171875,156.99000549316406,156.78700256347656,156.88099670410156,0
2026-02-06 09:00:00+00:00,157.04200744628906,157.07400512695312,156.96600341796875,156.9810028076172,0
2026-02-06 10:00:00+00:00,156.95799255371094,157.0800018310547,156.89599609375,157.0489959716797,0
2026-02-06 11:00:00+00:00,157.03700256347656,157.156005859375,156.9429931640625,156.9510040283203,0
2026-02-06 12:00:00+00:00,157.0800018310547,157.1320037841797,156.98500061035156,157.0399932861328,0
2026-02-06 13:00:00+00:00,156.9250030517578,157.12600708007812,156.8939971923828,157.07000732421875,0
2026-02-06 14:00:00+00:00,156.86000061035156,156.9530029296875,156.77200317382812,156.92300415039062,0
2026-02-06 15:00:00+00:00,156.8280029296875,157.11300659179688,156.82699584960938,156.84300231933594,0
2026-02-06 16:00:00+00:00,157.09500122070312,157.12100219726562,156.8280029296875,156.8280029296875,0
2026-02-06 17:00:00+00:00,157.0449981689453,157.1320037841797,156.98500061035156,157.0959930419922,0
2026-02-06 18:00:00+00:00,157.08299255371094,157.11099243164062,156.99200439453125,157.0449981689453,0
2026-02-06 19:00:00+00:00,157.09500122070312,157.13699340820312,157.06399536132812,157.07699584960938,0
2026-02-06 20:00:00+00:00,157.09100341796875,157.14100646972656,157.06700134277344,157.10299682617188,0
2026-02-06 21:00:00+00:00,157.1840057373047,157.27099609375,157.08599853515625,157.0970001220703,0
2026-02-09 00:00:00+00:00,156.88099670410156,157.29200744628906,156.6540069580078,157.2469940185547,0
2026-02-09 01:00:00+00:00,156.63099670410156,156.906005859375,156.20399475097656,156.87600708007812,0
2026-02-09 02:00:00+00:00,156.8350067138672,156.93800354003906,156.61199951171875,156.63099670410156,0
2026-02-09 03:00:00+00:00,156.85899353027344,156.9149932861328,156.76100158691406,156.83399963378906,0
2026-02-09 04:00:00+00:00,156.6820068359375,156.88499450683594,156.64100646972656,156.86900329589844,0
2026-02-09 05:00:00+00:00,156.60800170898438,156.7100067138672,156.51199340820312,156.6820068359375,0
2026-02-09 06:00:00+00:00,156.52499389648438,156.61300659179688,156.27999877929688,156.6009979248047,0
2026-02-09 07:00:00+00:00,156.5919952392578,156.6840057373047,156.28199768066406,156.5240020751953,0
2026-02-09 08:00:00+00:00,156.58399963378906,156.78199768066406,156.5500030517578,156.58799743652344,0
2026-02-09 09:00:00+00:00,156.63400268554688,156.7010040283203,156.38999938964844,156.58999633789062,0
2026-02-09 10:00:00+00:00,156.6739959716797,156.7449951171875,156.56300354003906,156.63900756835938,0
2026-02-09 11:00:00+00:00,156.45799255371094,156.75,156.40199279785156,156.6739959716797,0
2026-02-09 12:00:00+00:00,156.37899780273438,156.5570068359375,156.3260040283203,156.46099853515625,0
2026-02-09 13:00:00+00:00,155.9250030517578,156.39199829101562,155.9029998779297,156.3719940185547,0
2026-02-09 14:00:00+00:00,155.60400390625,155.9429931640625,155.51400756835938,155.927001953125,0
2026-02-09 15:00:00+00:00,155.8459930419922,155.88900756835938,155.56199645996094,155.60800170898438,0
2026-02-09 16:00:00+00:00,156.08299255371094,156.1439971923828,155.8260040283203,155.8459930419922,0
2026-02-09 17:00:00+00:00,155.96400451660156,156.13600158691406,155.94900512695312,156.08299255371094,0
2026-02-09 18:00:00+00:00,155.9010009765625,156.03199768066406,155.8939971923828,155.95399475097656,0
2026-02-09 19:00:00+00:00,155.70899963378906,155.94400024414062,155.63400268554688,155.9010009765625,0
2026-02-09 20:00:00+00:00,155.87600708007812,155.88499450683594,155.70199584960938,155.71499633789062,0
2026-02-09 21:00:00+00:00,155.8769989013672,155.9290008544922,155.84100341796875,155.8699951171875,0
2026-02-09 22:00:00+00:00,155.8249969482422,156.06900024414062,155.7270050048828,155.86099243164062,0
2026-02-09 23:00:00+00:00,156.125,156.1479949951172,155.8040008544922,155.8249969482422,0
2026-02-10 00:00:00+00:00,155.98399353027344,156.29400634765625,155.95799255371094,156.12600708007812,0
2026-02-10 01:00:00+00:00,155.7220001220703,156.0590057373047,155.66600036621094,155.97500610351562,0
2026-02-10 02:00:00+00:00,155.36900329589844,155.83599853515625,155.35800170898438,155.7220001220703,0
2026-02-10 03:00:00+00:00,155.31900024414062,155.3979949951172,155.14199829101562,155.36199951171875,0
2026-02-10 04:00:00+00:00,155.25100708007812,155.36500549316406,155.12899780273438,155.33099365234375,0
2026-02-10 05:00:00+00:00,155.3000030517578,155.32400512695312,155.07899475097656,155.26199340820312,0
2026-02-10 06:00:00+00:00,155.41099548339844,155.44900512695312,155.27099609375,155.302001953125,0
2026-02-10 07:00:00+00:00,155.5540008544922,155.61099243164062,155.2779998779297,155.4029998779297,0
2026-02-10 08:00:00+00:00,155.5489959716797,155.63299560546875,155.48300170898438,155.56100463867188,0
2026-02-10 09:00:00+00:00,155.27699279785156,155.5540008544922,155.24099731445312,155.54400634765625,0
2026-02-10 10:00:00+00:00,155.12899780273438,155.28599548339844,155.0399932861328,155.27699279785156,0
2026-02-10 11:00:00+00:00,155.27099609375,155.30299377441406,155.0989990234375,155.13900756835938,0
2026-02-10 12:00:00+00:00,155.16900634765625,155.30599975585938,155.0540008544922,155.26199340820312,0
2026-02-10 13:00:00+00:00,154.75799560546875,155.2310028076172,154.7209930419922,155.1750030517578,0
2026-02-10 14:00:00+00:00,154.38299560546875,154.79400634765625,154.20599365234375,154.75399780273438,0
2026-02-10 15:00:00+00:00,154.21099853515625,154.46299743652344,154.06100463867188,154.38299560546875,0
2026-02-10 16:00:00+00:00,154.2779998779297,154.32699584960938,154.0469970703125,154.20799255371094,0
2026-02-10 17:00:00+00:00,154.3800048828125,154.4199981689453,154.14599609375,154.28500366210938,0
2026-02-10 18:00:00+00:00,154.49400329589844,154.54600524902344,154.35899353027344,154.37399291992188,0
2026-02-10 19:00:00+00:00,154.30999755859375,154.58700561523438,154.29299926757812,154.5019989013672,0
2026-02-10 20:00:00+00:00,154.3419952392578,154.36900329589844,154.23800659179688,154.31100463867188,0
2026-02-10 21:00:00+00:00,154.3820037841797,154.43299865722656,154.3090057373047,154.33900451660156,0
2026-02-10 22:00:00+00:00,154.37899780273438,154.4199981689453,154.26300048828125,154.38299560546875,0
2026-02-10 23:00:00+00:00,154.48500061035156,154.50799560546875,154.3470001220703,154.3560028076172,0
2026-02-11 00:00:00+00:00,154.04800415039062,154.51699829101562,153.98599243164062,154.4969940185547,0
2026-02-11 01:00:00+00:00,153.96800231933594,154.06500244140625,153.8280029296875,154.04200744628906,0
2026-02-11 02:00:00+00:00,153.60800170898438,153.97999572753906,153.60499572753906,153.96800231933594,0
2026-02-11 03:00:00+00:00,153.552001953125,153.73300170898438,153.5399932861328,153.60899353027344,0
2026-02-11 04:00:00+00:00,153.3159942626953,153.58299255371094,153.2550048828125,153.55499267578125,0
2026-02-11 05:00:00+00:00,153.03399658203125,153.39199829101562,152.98699951171875,153.30599975585938,0
2026-02-11 06:00:00+00:00,153.14300537109375,153.18299865722656,152.79200744628906,153.03199768066406,0
2026-02-11 07:00:00+00:00,153.10299682617188,153.32400512695312,153.0749969482422,153.13499450683594,0
2026-02-11 08:00:00+00:00,153.13999938964844,153.31399536132812,153.01600646972656,153.0989990234375,0
2026-02-11 09:00:00+00:00,153.1999969482422,153.40499877929688,153.0989990234375,153.13999938964844,0
2026-02-11 10:00:00+00:00,153.302001953125,153.33099365234375,153.16900634765625,153.1999969482422,0
2026-02-11 11:00:00+00:00,153.48699951171875,153.5229949951172,153.302001953125,153.302001953125,0
2026-02-11 12:00:00+00:00,153.58999633789062,153.66200256347656,153.45899963378906,153.48599243164062,0
2026-02-11 13:00:00+00:00,153.8280029296875,154.6540069580078,152.82200622558594,153.59300231933594,0
2026-02-11 14:00:00+00:00,153.4459991455078,153.96299743652344,153.33299255371094,153.83099365234375,0
2026-02-11 15:00:00+00:00,153.61300659179688,153.68800354003906,153.16400146484375,153.447998046875,0
2026-02-11 16:00:00+00:00,152.927001953125,153.68499755859375,152.9219970703125,153.61300659179688,0
2026-02-11 17:00:00+00:00,152.8280029296875,153.0240020751953,152.54299926757812,152.93699645996094,0
2026-02-11 18:00:00+00:00,152.6999969482422,152.96200561523438,152.55599975585938,152.8249969482422,0
2026-02-11 19:00:00+00:00,152.93600463867188,152.94500732421875,152.6999969482422,152.7100067138672,0
2026-02-11 20:00:00+00:00,153.21400451660156,153.2530059814453,152.91299438476562,152.93600463867188,0
2026-02-11 21:00:00+00:00,153.23599243164062,153.31199645996094,153.1909942626953,153.21400451660156,0
2026-02-11 22:00:00+00:00,153.10000610351562,153.26699829101562,153.031005859375,153.23500061035156,0
2026-02-11 23:00:00+00:00,153.2689971923828,153.2830047607422,153.06199645996094,153.0989990234375,0
2026-02-12 00:00:00+00:00,153.11000061035156,153.447998046875,153.08200073242188,153.25799560546875,0
2026-02-12 01:00:00+00:00,152.84500122070312,153.16099548339844,152.78500366210938,153.1009979248047,0
2026-02-12 02:00:00+00:00,152.54100036621094,152.89500427246094,152.51300048828125,152.85299682617188,0
2026-02-12 03:00:00+00:00,152.55499267578125,152.64199829101562,152.25900268554688,152.53399658203125,0
2026-02-12 04:00:00+00:00,152.85499572753906,152.85699462890625,152.42100524902344,152.552001953125,0
2026-02-12 05:00:00+00:00,153.09500122070312,153.1909942626953,152.81300354003906,152.84800720214844,0
2026-02-12 06:00:00+00:00,153.31300354003906,153.5489959716797,152.93800354003906,153.0959930419922,0
2026-02-12 07:00:00+00:00,153.03500366210938,153.35499572753906,152.8509979248047,153.29800415039062,0
2026-02-12 08:00:00+00:00,152.9149932861328,153.06700134277344,152.80299377441406,153.0330047607422,0
2026-02-12 09:00:00+00:00,152.91400146484375,153.01499938964844,152.79299926757812,152.90899658203125,0
2026-02-12 10:00:00+00:00,153.1179962158203,153.1179962158203,152.88999938964844,152.91099548339844,0
2026-02-12 11:00:00+00:00,153.31199645996094,153.33299255371094,153.0279998779297,153.11000061035156,0
2026-02-12 12:00:00+00:00,153.66099548339844,153.75799560546875,153.2689971923828,153.3070068359375,0
2026-02-12 13:00:00+00:00,153.26600646972656,153.7239990234375,153.21600341796875,153.66799926757812,0
2026-02-12 14:00:00+00:00,153.02099609375,153.3979949951172,152.947998046875,153.2570037841797,0
2026-02-12 15:00:00+00:00,152.64500427246094,153.06300354003906,152.6179962158203,153.02000427246094,0
2026-02-12 16:00:00+00:00,152.64999389648438,152.82000732421875,152.35899353027344,152.63900756835938,0
2026-02-12 17:00:00+00:00,152.84500122070312,152.88800048828125,152.5399932861328,152.6540069580078,0
2026-02-12 18:00:00+00:00,152.9219970703125,152.97300720214844,152.74000549316406,152.85299682617188,0
2026-02-12 19:00:00+00:00,152.89700317382812,152.99000549316406,152.86599731445312,152.9290008544922,0
2026-02-12 20:00:00+00:00,152.68099975585938,152.927001953125,152.67799377441406,152.89700317382812,0
2026-02-12 21:00:00+00:00,152.72799682617188,152.78799438476562,152.65699768066406,152.68600463867188,0
2026-02-12 22:00:00+00:00,152.6649932861328,152.79400634765625,152.6269989013672,152.72799682617188,0
2026-02-12 23:00:00+00:00,152.7729949951172,152.875,152.64500427246094,152.68499755859375,0
2026-02-13 00:00:00+00:00,152.75799560546875,152.96099853515625,152.72300720214844,152.79400634765625,0
2026-02-13 01:00:00+00:00,153.26400756835938,153.3470001220703,152.75100708007812,152.76199340820312,0
2026-02-13 02:00:00+00:00,153.14500427246094,153.31199645996094,153.04100036621094,153.26400756835938,0
2026-02-13 03:00:00+00:00,152.95199584960938,153.16000366210938,152.83599853515625,153.156005859375,0
2026-02-13 04:00:00+00:00,153.23899841308594,153.25599670410156,152.83700561523438,152.9409942626953,0
2026-02-13 05:00:00+00:00,153.29299926757812,153.39599609375,153.0590057373047,153.2480010986328,0
2026-02-13 06:00:00+00:00,153.39700317382812,153.41299438476562,153.1060028076172,153.28500366210938,0
2026-02-13 07:00:00+00:00,153.39599609375,153.5959930419922,153.31300354003906,153.38800048828125,0
2026-02-13 08:00:00+00:00,153.58099365234375,153.65199279785156,153.3560028076172,153.38999938964844,0
2026-02-13 09:00:00+00:00,153.5070037841797,153.66700744628906,153.44200134277344,153.57200622558594,0
2026-02-13 10:00:00+00:00,153.44700622558594,153.59100341796875,153.42999267578125,153.5,0
2026-02-13 11:00:00+00:00,153.3509979248047,153.468994140625,153.2239990234375,153.447998046875,0
2026-02-13 12:00:00+00:00,153.24400329589844,153.39700317382812,153.22999572753906,153.35899353027344,0
2026-02-13 13:00:00+00:00,153.07000732421875,153.33799743652344,152.90199279785156,153.2480010986328,0
2026-02-13 14:00:00+00:00,153.04299926757812,153.12399291992188,152.77699279785156,153.0659942626953,0
2026-02-13 15:00:00+00:00,153.13099670410156,153.1510009765625,152.8979949951172,153.0399932861328,0
2026-02-13 16:00:00+00:00,152.781005859375,153.2259979248047,152.73199462890625,153.1280059814453,0
2026-02-13 17:00:00+00:00,152.8040008544922,152.87100219726562,152.5850067138672,152.7899932861328,0
2026-02-13 18:00:00+00:00,152.82400512695312,152.88900756835938,152.75,152.802001953125,0
2026-02-13 19:00:00+00:00,152.77999877929688,152.85800170898438,152.72000122070312,152.83299255371094,0
2026-02-13 20:00:00+00:00,152.7550048828125,152.83900451660156,152.656005859375,152.77000427246094,0
2026-02-13 21:00:00+00:00,152.62100219726562,152.76600646972656,152.61300659179688,152.75799560546875,0
2026-02-16 00:00:00+00:00,153.09800720214844,153.11199951171875,152.7550048828125,152.8000030517578,0
2026-02-16 01:00:00+00:00,153.01300048828125,153.16400146484375,152.95599365234375,153.093994140625,0
2026-02-16 02:00:00+00:00,153.00799560546875,153.11399841308594,152.96099853515625,153.01300048828125,0
2026-02-16 03:00:00+00:00,153.0590057373047,153.10400390625,152.98699951171875,153.00599670410156,0
2026-02-16 04:00:00+00:00,153.23599243164062,153.25,152.97799682617188,153.0659942626953,0
2026-02-16 05:00:00+00:00,153.1959991455078,153.2449951171875,153.13600158691406,153.2270050048828,0
2026-02-16 06:00:00+00:00,153.1320037841797,153.2259979248047,153.07000732421875,153.19700622558594,0
2026-02-16 07:00:00+00:00,153.33700561523438,153.38900756835938,153.12399291992188,153.1269989013672,0
2026-02-16 08:00:00+00:00,153.33700561523438,153.4600067138672,153.20700073242188,153.3350067138672,0
2026-02-16 09:00:00+00:00,153.572998046875,153.61500549316406,153.28799438476562,153.33599853515625,0
2026-02-16 10:00:00+00:00,153.52200317382812,153.63699340820312,153.50900268554688,153.57200622558594,0
2026-02-16 11:00:00+00:00,153.36300659179688,153.552001953125,153.35000610351562,153.51699829101562,0
2026-02-16 12:00:00+00:00,153.36500549316406,153.41400146484375,153.31500244140625,153.37100219726562,0
2026-02-16 13:00:00+00:00,153.32899475097656,153.4499969482422,153.28900146484375,153.3699951171875,0
2026-02-16 14:00:00+00:00,153.35299682617188,153.3939971923828,153.24400329589844,153.32699584960938,0
2026-02-16 15:00:00+00:00,153.46099853515625,153.4810028076172,153.29400634765625,153.3489990234375,0
2026-02-16 16:00:00+00:00,153.48399353027344,153.57200622558594,153.39700317382812,153.45700073242188,0
2026-02-16 17:00:00+00:00,153.4709930419922,153.56399536132812,153.44900512695312,153.48699951171875,0
2026-02-16 18:00:00+00:00,153.50399780273438,153.52000427246094,153.4499969482422,153.47000122070312,0
2026-02-16 19:00:00+00:00,153.4770050048828,153.5290069580078,153.46400451660156,153.5050048828125,0
2026-02-16 20:00:00+00:00,153.5030059814453,153.5050048828125,153.44500732421875,153.4770050048828,0
2026-02-16 21:00:00+00:00,153.4040069580078,153.53799438476562,153.4040069580078,153.49400329589844,0
2026-02-16 22:00:00+00:00,153.50999450683594,153.5229949951172,153.36199951171875,153.42100524902344,0
2026-02-16 23:00:00+00:00,153.55099487304688,153.7570037841797,153.4709930419922,153.4709930419922,0
2026-02-17 00:00:00+00:00,153.17799377441406,153.5850067138672,153.15699768066406,153.55099487304688,0
2026-02-17 01:00:00+00:00,153.14199829101562,153.39700317382812,153.1199951171875,153.1820068359375,0
2026-02-17 02:00:00+00:00,153.13299560546875,153.26100158691406,153.04400634765625,153.13600158691406,0
2026-02-17 03:00:00+00:00,153.1699981689453,153.1840057373047,153.01499938964844,153.1269989013672,0
2026-02-17 04:00:00+00:00,153.08799743652344,153.22300720214844,152.98300170898438,153.177001953125,0
2026-02-17 05:00:00+00:00,152.95599365234375,153.15199279785156,152.88999938964844,153.07899475097656,0
2026-02-17 06:00:00+00:00,152.9550018310547,152.968994140625,152.83200073242188,152.94700622558594,0
2026-02-17 07:00:00+00:00,153.0760040283203,153.11000061035156,152.82000732421875,152.94700622558594,0
2026-02-17 08:00:00+00:00,152.71800231933594,153.17999267578125,152.71499633789062,153.0780029296875,0
2026-02-17 09:00:00+00:00,152.8990020751953,152.94500732421875,152.6909942626953,152.72300720214844,0
2026-02-17 10:00:00+00:00,152.98300170898438,153.09500122070312,152.84100341796875,152.8979949951172,0
2026-02-17 11:00:00+00:00,153.1280059814453,153.1820068359375,152.94500732421875,152.98500061035156,0
2026-02-17 12:00:00+00:00,153.06199645996094,153.18499755859375,153.052001953125,153.1230010986328,0
2026-02-17 13:00:00+00:00,153.26699829101562,153.39100646972656,153.01300048828125,153.05599975585938,0
2026-02-17 14:00:00+00:00,153.4530029296875,153.5290069580078,153.25900268554688,153.26699829101562,0
2026-02-17 15:00:00+00:00,153.7989959716797,153.9239959716797,153.44200134277344,153.4459991455078,0
2026-02-17 16:00:00+00:00,153.56900024414062,153.8470001220703,153.48599243164062,153.7969970703125,0
2026-02-17 17:00:00+00:00,153.4709930419922,153.58299255371094,153.427001953125,153.56500244140625,0
2026-02-17 18:00:00+00:00,153.3459930419922,153.47999572753906,153.29800415039062,153.46499633789062,0
2026-02-17 19:00:00+00:00,153.25100708007812,153.3979949951172,153.22000122070312,153.3470001220703,0
2026-02-17 20:00:00+00:00,153.27499389648438,153.302001953125,153.17799377441406,153.2469940185547,0
2026-02-17 21:00:00+00:00,153.34300231933594,153.34300231933594,153.21600341796875,153.28199768066406,0
2026-02-17 22:00:00+00:00,153.2530059814453,153.3159942626953,153.1479949951172,153.2989959716797,0
2026-02-17 23:00:00+00:00,153.12899780273438,153.3040008544922,153.0959930419922,153.25,0
2026-02-18 00:00:00+00:00,153.2209930419922,153.3040008544922,153.05999755859375,153.1199951171875,0
2026-02-18 01:00:00+00:00,153.43800354003906,153.46400451660156,153.21800231933594,153.2209930419922,0
2026-02-18 02:00:00+00:00,153.50900268554688,153.70199584960938,153.42999267578125,153.42999267578125,0
2026-02-18 03:00:00+00:00,153.59800720214844,153.60400390625,153.45700073242188,153.51100158691406,0
2026-02-18 04:00:00+00:00,153.6009979248047,153.6199951171875,153.5030059814453,153.593994140625,0
2026-02-18 05:00:00+00:00,153.45599365234375,153.61500549316406,153.44500732421875,153.59100341796875,0
2026-02-18 06:00:00+00:00,153.40899658203125,153.531005859375,153.38400268554688,153.45399475097656,0
2026-02-18 07:00:00+00:00,153.67100524902344,153.71499633789062,153.40699768066406,153.40899658203125,0
2026-02-18 08:00:00+00:00,153.71200561523438,153.7899932861328,153.56700134277344,153.6649932861328,0
2026-02-18 09:00:00+00:00,153.7220001220703,153.79800415039062,153.63400268554688,153.7169952392578,0
2026-02-18 10:00:00+00:00,153.802001953125,153.85699462890625,153.68800354003906,153.72000122070312,0
2026-02-18 11:00:00+00:00,153.71200561523438,153.8159942626953,153.64500427246094,153.80999755859375,0
2026-02-18 12:00:00+00:00,153.6840057373047,153.802001953125,153.5449981689453,153.69700622558594,0
2026-02-18 13:00:00+00:00,153.94400024414062,153.94700622558594,153.60699462890625,153.67799377441406,0
2026-02-18 14:00:00+00:00,154.37899780273438,154.4429931640625,153.9080047607422,153.93699645996094,0
2026-02-18 15:00:00+00:00,154.2790069580078,154.43499755859375,154.23899841308594,154.37899780273438,0
2026-02-18 16:00:00+00:00,154.44500732421875,154.48899841308594,154.22500610351562,154.2830047607422,0
2026-02-18 17:00:00+00:00,154.5229949951172,154.6060028076172,154.40699768066406,154.447998046875,0
2026-02-18 18:00:00+00:00,154.73899841308594,154.7949981689453,154.51400756835938,154.531005859375,0
2026-02-18 19:00:00+00:00,154.71499633789062,154.8699951171875,154.3419952392578,154.697998046875,0
2026-02-18 20:00:00+00:00,154.8070068359375,154.83700561523438,154.69500732421875,154.71600341796875,0
2026-02-18 21:00:00+00:00,154.78199768066406,154.85299682617188,154.76400756835938,154.8040008544922,0
2026-02-18 22:00:00+00:00,154.71600341796875,154.7949981689453,154.6929931640625,154.781005859375,0
2026-02-18 23:00:00+00:00,154.69400024414062,154.79600524902344,154.68499755859375,154.71600341796875,0
2026-02-19 00:00:00+00:00,154.72500610351562,154.83700561523438,154.60699462890625,154.68299865722656,0
2026-02-19 01:00:00+00:00,154.9459991455078,154.98199462890625,154.64700317382812,154.72900390625,0
2026-02-19 02:00:00+00:00,154.98800659179688,155.04600524902344,154.74899291992188,154.94500732421875,0
2026-02-19 03:00:00+00:00,155.13299560546875,155.26199340820312,154.91900634765625,154.98699951171875,0
2026-02-19 04:00:00+00:00,155.11300659179688,155.29400634765625,155.0919952392578,155.13400268554688,0
2026-02-19 05:00:00+00:00,155.30299377441406,155.3300018310547,155.093994140625,155.11599731445312,0
2026-02-19 06:00:00+00:00,155.07200622558594,155.343994140625,154.9550018310547,155.3040008544922,0
2026-02-19 07:00:00+00:00,154.968994140625,155.1929931640625,154.9250030517578,155.05999755859375,0
2026-02-19 08:00:00+00:00,154.8070068359375,155.02699279785156,154.697998046875,154.97000122070312,0
2026-02-19 09:00:00+00:00,154.8090057373047,154.97799682617188,154.74600219726562,154.81399536132812,0
2026-02-19 10:00:00+00:00,154.697998046875,154.85499572753906,154.6540069580078,154.8000030517578,0
2026-02-19 11:00:00+00:00,154.6230010986328,154.72300720214844,154.56700134277344,154.69700622558594,0
2026-02-19 12:00:00+00:00,154.79800415039062,154.81399536132812,154.53199768066406,154.62600708007812,0
2026-02-19 13:00:00+00:00,154.91299438476562,155.04200744628906,154.78500366210938,154.7989959716797,0
2026-02-19 14:00:00+00:00,155.21200561523438,155.28399658203125,154.88800048828125,154.91700744628906,0
2026-02-19 15:00:00+00:00,154.99000549316406,155.26499938964844,154.947998046875,155.20799255371094,0
2026-02-19 16:00:00+00:00,154.96099853515625,155.01199340820312,154.85000610351562,154.99099731445312,0
2026-02-19 17:00:00+00:00,155.01400756835938,155.03199768066406,154.91400146484375,154.96200561523438,0
2026-02-19 18:00:00+00:00,154.875,155.0290069580078,154.822998046875,155.01100158691406,0
2026-02-19 19:00:00+00:00,155.0800018310547,155.1300048828125,154.822998046875,154.8699951171875,0
2026-02-19 20:00:00+00:00,155.0780029296875,155.1230010986328,154.9969940185547,155.07899475097656,0
2026-02-19 21:00:00+00:00,155.02000427246094,155.10499572753906,154.93899536132812,155.08599853515625,0
2026-02-19 22:00:00+00:00,154.89100646972656,155.0469970703125,154.8470001220703,154.9810028076172,0
2026-02-19 23:00:00+00:00,155.16000366210938,155.21099853515625,154.88999938964844,154.94500732421875,0
2026-02-20 00:00:00+00:00,155.06300354003906,155.23699951171875,154.88499450683594,155.1929931640625,0
2026-02-20 01:00:00+00:00,155.1320037841797,155.3159942626953,154.95599365234375,155.06300354003906,0
2026-02-20 02:00:00+00:00,155.19400024414062,155.23699951171875,155.04800415039062,155.1320037841797,0
2026-02-20 03:00:00+00:00,155.13499450683594,155.21200561523438,155.0850067138672,155.197998046875,0
2026-02-20 04:00:00+00:00,155.20399475097656,155.22500610351562,155.06300354003906,155.13900756835938,0
2026-02-20 05:00:00+00:00,155.29299926757812,155.36599731445312,155.16600036621094,155.2010040283203,0
2026-02-20 06:00:00+00:00,155.16200256347656,155.375,155.13800048828125,155.28500366210938,0
2026-02-20 07:00:00+00:00,155.4949951171875,155.5050048828125,154.93899536132812,155.1510009765625,0
2026-02-20 08:00:00+00:00,155.5540008544922,155.5989990234375,155.28500366210938,155.48699951171875,0
2026-02-20 09:00:00+00:00,155.38600158691406,155.64300537109375,155.3560028076172,155.5540008544922,0
2026-02-20 10:00:00+00:00,155.16900634765625,155.43600463867188,155.14700317382812,155.39500427246094,0
2026-02-20 11:00:00+00:00,155.2169952392578,155.27499389648438,155.1179962158203,155.17300415039062,0
2026-02-20 12:00:00+00:00,155.25100708007812,155.31700134277344,155.16900634765625,155.218994140625,0
2026-02-20 13:00:00+00:00,155.41000366210938,155.447998046875,155.02099609375,155.2429962158203,0
2026-02-20 14:00:00+00:00,155.38299560546875,155.53700256347656,155.31300354003906,155.41000366210938,0
2026-02-20 15:00:00+00:00,154.8419952392578,155.531005859375,154.76100158691406,155.35699462890625,0
2026-02-20 16:00:00+00:00,154.9810028076172,155.09500122070312,154.70599365234375,154.8509979248047,0
2026-02-20 17:00:00+00:00,154.98899841308594,155.20599365234375,154.92799377441406,154.99099731445312,0
2026-02-20 18:00:00+00:00,155.01499938964844,155.07899475097656,154.80299377441406,154.9949951171875,0
2026-02-20 19:00:00+00:00,155.12899780273438,155.18699645996094,154.95399475097656,155.01800537109375,0
2026-02-20 20:00:00+00:00,155.0570068359375,155.1649932861328,154.97300720214844,155.1219940185547,0
2026-02-20 21:00:00+00:00,154.98899841308594,155.07899475097656,154.93899536132812,155.0590057373047,0
2026-02-23 00:00:00+00:00,154.05499267578125,154.47300720214844,154.0449981689453,154.33999633789062,0
2026-02-23 01:00:00+00:00,154.20799255371094,154.2830047607422,153.98800659179688,154.05099487304688,0
2026-02-23 02:00:00+00:00,154.20799255371094,154.27499389648438,154.06500244140625,154.20700073242188,0
2026-02-23 03:00:00+00:00,154.26100158691406,154.4320068359375,154.20899963378906,154.21099853515625,0
2026-02-23 04:00:00+00:00,154.38900756835938,154.44500732421875,154.21499633789062,154.25999450683594,0
2026-02-23 05:00:00+00:00,154.4290008544922,154.49000549316406,154.37600708007812,154.38499450683594,0
2026-02-23 06:00:00+00:00,154.468994140625,154.49400329589844,154.2169952392578,154.427001953125,0
2026-02-23 07:00:00+00:00,154.4739990234375,154.60899353027344,154.44700622558594,154.45700073242188,0
2026-02-23 08:00:00+00:00,154.7100067138672,154.7830047607422,154.447998046875,154.4770050048828,0
2026-02-23 09:00:00+00:00,154.80599975585938,154.86399841308594,154.61500549316406,154.7100067138672,0
2026-02-23 10:00:00+00:00,154.78500366210938,154.89199829101562,154.7469940185547,154.81100463867188,0
2026-02-23 11:00:00+00:00,154.92300415039062,154.94700622558594,154.7469940185547,154.781005859375,0
2026-02-23 12:00:00+00:00,154.89999389648438,155.04400634765625,154.8419952392578,154.9149932861328,0
2026-02-23 13:00:00+00:00,154.6199951171875,154.9510040283203,154.55799865722656,154.88999938964844,0
2026-02-23 14:00:00+00:00,154.5449981689453,154.8249969482422,154.53500366210938,154.61300659179688,0
2026-02-23 15:00:00+00:00,154.41700744628906,154.5540008544922,154.3459930419922,154.5449981689453,0
2026-02-23 16:00:00+00:00,154.30299377441406,154.4759979248047,154.26499938964844,154.4219970703125,0
2026-02-23 17:00:00+00:00,154.38299560546875,154.41400146484375,154.21400451660156,154.29299926757812,0
2026-02-23 18:00:00+00:00,154.48699951171875,154.64599609375,154.3800048828125,154.38900756835938,0
2026-02-23 19:00:00+00:00,154.6179962158203,154.66700744628906,154.4739990234375,154.48699951171875,0
2026-02-23 20:00:00+00:00,154.70599365234375,154.72300720214844,154.59500122070312,154.61099243164062,0
2026-02-23 21:00:00+00:00,154.6280059814453,154.76600646972656,154.60400390625,154.7030029296875,0
2026-02-23 22:00:00+00:00,154.593994140625,154.63600158691406,154.53799438476562,154.63099670410156,0
2026-02-23 23:00:00+00:00,154.67100524902344,154.7030029296875,154.51400756835938,154.572998046875,0
2026-02-24 00:00:00+00:00,154.86000061035156,154.8719940185547,154.61500549316406,154.66200256347656,0
2026-02-24 01:00:00+00:00,154.9720001220703,155.13699340820312,154.83999633789062,154.85899353027344,0
2026-02-24 02:00:00+00:00,154.91200256347656,155.10800170898438,154.86300659179688,154.96200561523438,0
2026-02-24 03:00:00+00:00,155.11700439453125,155.12100219726562,154.85499572753906,154.906005859375,0
2026-02-24 04:00:00+00:00,155.24000549316406,155.31199645996094,155.06100463867188,155.11599731445312,0
2026-02-24 05:00:00+00:00,155.16400146484375,155.30799865722656,155.156005859375,155.23599243164062,0
2026-02-24 06:00:00+00:00,154.96499633789062,155.19200134277344,154.96299743652344,155.16299438476562,0
2026-02-24 07:00:00+00:00,156.08799743652344,156.16799926757812,154.93600463867188,154.97300720214844,0
2026-02-24 08:00:00+00:00,155.947998046875,156.281005859375,155.8990020751953,156.10000610351562,0
2026-02-24 09:00:00+00:00,155.8470001220703,155.97799682617188,155.7239990234375,155.94500732421875,0
2026-02-24 10:00:00+00:00,155.88699340820312,155.93299865722656,155.73599243164062,155.85000610351562,0
2026-02-24 11:00:00+00:00,155.87899780273438,155.94900512695312,155.67100524902344,155.88600158691406,0
2026-02-24 12:00:00+00:00,155.87399291992188,156.02099609375,155.8249969482422,155.87100219726562,0
2026-02-24 13:00:00+00:00,156.0489959716797,156.09300231933594,155.76300048828125,155.87399291992188,0
2026-02-24 14:00:00+00:00,155.96800231933594,156.1739959716797,155.91099548339844,156.05599975585938,0
2026-02-24 15:00:00+00:00,155.90499877929688,156.1060028076172,155.80499267578125,155.968994140625,0
2026-02-24 16:00:00+00:00,155.66299438476562,155.93299865722656,155.5760040283203,155.9080047607422,0
2026-02-24 17:00:00+00:00,155.7480010986328,155.78199768066406,155.6179962158203,155.65499877929688,0
2026-02-24 18:00:00+00:00,155.7729949951172,155.802001953125,155.6840057373047,155.75100708007812,0
2026-02-24 19:00:00+00:00,155.77499389648438,155.8179931640625,155.69700622558594,155.77099609375,0
2026-02-24 20:00:00+00:00,155.87899780273438,155.88299560546875,155.73300170898438,155.77499389648438,0
2026-02-24 21:00:00+00:00,155.781005859375,155.92599487304688,155.781005859375,155.87600708007812,0
2026-02-24 22:00:00+00:00,155.80999755859375,155.88299560546875,155.76199340820312,155.82200622558594,0
2026-02-24 23:00:00+00:00,155.8979949951172,155.90499877929688,155.76499938964844,155.80999755859375,0
2026-02-25 00:00:00+00:00,155.67100524902344,155.9929962158203,155.6580047607422,155.90899658203125,0
2026-02-25 01:00:00+00:00,155.7729949951172,155.83999633789062,155.61099243164062,155.65899658203125,0
2026-02-25 02:00:00+00:00,155.46600341796875,155.80599975585938,155.38499450683594,155.76499938964844,0
2026-02-25 03:00:00+00:00,155.81100463867188,156.04400634765625,155.33299255371094,155.45599365234375,0
2026-02-25 04:00:00+00:00,155.7270050048828,156.04299926757812,155.69000244140625,155.81199645996094,0
2026-02-25 05:00:00+00:00,155.58399963378906,155.7969970703125,155.56399536132812,155.72999572753906,0
2026-02-25 06:00:00+00:00,155.7050018310547,155.79600524902344,155.5189971923828,155.58399963378906,0
2026-02-25 07:00:00+00:00,155.91299438476562,155.9250030517578,155.68099975585938,155.7050018310547,0
2026-02-25 08:00:00+00:00,156.29200744628906,156.30099487304688,155.9029998779297,155.92100524902344,0
2026-02-25 09:00:00+00:00,156.5500030517578,156.66200256347656,156.2969970703125,156.2969970703125,0
2026-02-25 10:00:00+00:00,156.77000427246094,156.77999877929688,156.53500366210938,156.55099487304688,0
2026-02-25 11:00:00+00:00,156.78900146484375,156.82400512695312,156.7209930419922,156.76400756835938,0
2026-02-25 12:00:00+00:00,156.67999267578125,156.8000030517578,156.64700317382812,156.78900146484375,0
2026-02-25 13:00:00+00:00,156.69700622558594,156.7469940185547,156.58099365234375,156.67599487304688,0
2026-02-25 14:00:00+00:00,156.61199951171875,156.75999450683594,156.43600463867188,156.68499755859375,0
2026-02-25 15:00:00+00:00,156.37100219726562,156.61399841308594,156.3260040283203,156.6060028076172,0
2026-02-25 16:00:00+00:00,156.30099487304688,156.4739990234375,156.2969970703125,156.36099243164062,0
2026-02-25 17:00:00+00:00,156.32000732421875,156.3730010986328,156.2310028076172,156.29800415039062,0
2026-02-25 18:00:00+00:00,156.39300537109375,156.41099548339844,156.2729949951172,156.322998046875,0
2026-02-25 19:00:00+00:00,156.43899536132812,156.5399932861328,156.36199951171875,156.39199829101562,0
2026-02-25 20:00:00+00:00,156.4429931640625,156.45599365234375,156.33599853515625,156.43800354003906,0
2026-02-25 21:00:00+00:00,156.343994140625,156.48399353027344,156.33099365234375,156.43299865722656,0
2026-02-25 22:00:00+00:00,156.25799560546875,156.43899536132812,156.21400451660156,156.3560028076172,0
2026-02-25 23:00:00+00:00,156.1790008544922,156.33200073242188,156.10800170898438,156.29800415039062,0
2026-02-26 00:00:00+00:00,155.99000549316406,156.23300170898438,155.9530029296875,156.16600036621094,0
2026-02-26 01:00:00+00:00,155.8249969482422,156.05499267578125,155.802001953125,155.98399353027344,0
2026-02-26 02:00:00+00:00,155.92799377441406,156.05099487304688,155.74400329589844,155.82000732421875,0
2026-02-26 03:00:00+00:00,155.9409942626953,155.9969940185547,155.79200744628906,155.93499755859375,0
2026-02-26 04:00:00+00:00,155.89999389648438,156.10000610351562,155.8769989013672,155.93099975585938,0
2026-02-26 05:00:00+00:00,155.94000244140625,155.9709930419922,155.69000244140625,155.89300537109375,0
2026-02-26 06:00:00+00:00,155.97900390625,156.072998046875,155.88499450683594,155.93600463867188,0
2026-02-26 07:00:00+00:00,156.04200744628906,156.17300415039062,155.97000122070312,155.97000122070312,0
2026-02-26 08:00:00+00:00,155.9929962158203,156.1750030517578,155.91000366210938,156.052001953125,0
2026-02-26 09:00:00+00:00,156.06199645996094,156.08900451660156,155.90899658203125,156.0,0
2026-02-26 10:00:00+00:00,155.9510040283203,156.10000610351562,155.94700622558594,156.06399536132812,0
2026-02-26 11:00:00+00:00,156.07699584960938,156.08399963378906,155.91600036621094,155.9510040283203,0
2026-02-26 12:00:00+00:00,156.06399536132812,156.1510009765625,155.9770050048828,156.0709991455078,0
2026-02-26 13:00:00+00:00,156.16000366210938,156.1750030517578,155.93699645996094,156.06399536132812,0
2026-02-26 14:00:00+00:00,155.9250030517578,156.25100708007812,155.82200622558594,156.1529998779297,0
2026-02-26 15:00:00+00:00,156.031005859375,156.12600708007812,155.8350067138672,155.9199981689453,0
2026-02-26 16:00:00+00:00,156.12399291992188,156.27499389648438,156.031005859375,156.03599548339844,0
2026-02-26 17:00:00+00:00,156.38900756835938,156.39999389648438,156.11300659179688,156.12399291992188,0
2026-02-26 18:00:00+00:00,156.3780059814453,156.4320068359375,156.2830047607422,156.38299560546875,0
2026-02-26 19:00:00+00:00,156.125,156.39100646972656,156.10800170898438,156.3800048828125,0
2026-02-26 20:00:00+00:00,156.1300048828125,156.1490020751953,156.05799865722656,156.1300048828125,0
2026-02-26 21:00:00+00:00,156.12399291992188,156.14999389648438,156.0469970703125,156.1320037841797,0
2026-02-26 22:00:00+00:00,156.0919952392578,156.18699645996094,156.00900268554688,156.10800170898438,0
2026-02-26 23:00:00+00:00,155.8769989013672,156.10299682617188,155.81700134277344,156.0850067138672,0
2026-02-27 00:00:00+00:00,155.88699340820312,155.9759979248047,155.6510009765625,155.8509979248047,0
2026-02-27 01:00:00+00:00,155.98199462890625,155.98800659179688,155.69500732421875,155.8780059814453,0
2026-02-27 02:00:00+00:00,155.73599243164062,155.98300170898438,155.7270050048828,155.9770050048828,0
2026-02-27 03:00:00+00:00,155.7729949951172,155.8179931640625,155.68699645996094,155.73699951171875,0
2026-02-27 04:00:00+00:00,155.58700561523438,155.83599853515625,155.52699279785156,155.76499938964844,0
2026-02-27 05:00:00+00:00,155.82400512695312,155.83399963378906,155.57000732421875,155.58399963378906,0
2026-02-27 06:00:00+00:00,155.8730010986328,155.9550018310547,155.76800537109375,155.82400512695312,0
2026-02-27 07:00:00+00:00,156.0780029296875,156.12399291992188,155.8730010986328,155.8730010986328,0
2026-02-27 08:00:00+00:00,156.13099670410156,156.1750030517578,155.9530029296875,156.0780029296875,0
2026-02-27 09:00:00+00:00,156.0679931640625,156.23399353027344,156.04800415039062,156.13499450683594,0
2026-02-27 10:00:00+00:00,155.97300720214844,156.08700561523438,155.91700744628906,156.07200622558594,0
2026-02-27 11:00:00+00:00,155.89999389648438,156.0019989013672,155.8560028076172,155.9759979248047,0
2026-02-27 12:00:00+00:00,155.88499450683594,155.95399475097656,155.8249969482422,155.90899658203125,0
2026-02-27 13:00:00+00:00,156.1649932861328,156.18299865722656,155.8800048828125,155.88499450683594,0
2026-02-27 14:00:00+00:00,156.1719970703125,156.2259979248047,155.9199981689453,156.16400146484375,0
2026-02-27 15:00:00+00:00,156.06100463867188,156.20799255371094,155.9459991455078,156.17100524902344,0
2026-02-27 16:00:00+00:00,156.05099487304688,156.14300537109375,155.95700073242188,156.07000732421875,0
2026-02-27 17:00:00+00:00,156.04600524902344,156.13099670410156,155.90899658203125,156.05099487304688,0
2026-02-27 18:00:00+00:00,156.0070037841797,156.09800720214844,155.98399353027344,156.05099487304688,0
2026-02-27 19:00:00+00:00,156.02000427246094,156.02499389648438,155.87899780273438,156.01400756835938,0
2026-02-27 20:00:00+00:00,156.17300415039062,156.17799377441406,155.95399475097656,156.01100158691406,0
2026-02-27 21:00:00+00:00,156.01699829101562,156.1929931640625,156.01300048828125,156.16600036621094,0
2026-02-27 22:00:00+00:00,156.03500366210938,156.03500366210938,156.03500366210938,156.03500366210938,0
2026-03-02 00:00:00+00:00,156.39199829101562,156.80599975585938,156.31700134277344,156.6219940185547,0
2026-03-02 01:00:00+00:00,156.218994140625,156.6020050048828,156.2030029296875,156.39500427246094,0
2026-03-02 02:00:00+00:00,156.2729949951172,156.4429931640625,156.16299438476562,156.21200561523438,0
2026-03-02 03:00:00+00:00,156.31900024414062,156.34100341796875,156.1479949951172,156.2729949951172,0
2026-03-02 04:00:00+00:00,156.51300048828125,156.58599853515625,156.2760009765625,156.3159942626953,0
2026-03-02 05:00:00+00:00,156.83299255371094,156.85899353027344,156.51300048828125,156.5189971923828,0
2026-03-02 06:00:00+00:00,156.8780059814453,157.01699829101562,156.8090057373047,156.822998046875,0
2026-03-02 07:00:00+00:00,156.9810028076172,157.03799438476562,156.8769989013672,156.88800048828125,0
2026-03-02 08:00:00+00:00,156.9669952392578,157.25100708007812,156.88900756835938,156.9709930419922,0
2026-03-02 09:00:00+00:00,157.0070037841797,157.0229949951172,156.7899932861328,156.97300720214844,0
2026-03-02 10:00:00+00:00,156.91600036621094,157.01600646972656,156.79100036621094,157.0,0
2026-03-02 11:00:00+00:00,156.95899963378906,157.0070037841797,156.8509979248047,156.91200256347656,0
2026-03-02 12:00:00+00:00,157.3769989013672,157.406005859375,156.9499969482422,156.9530029296875,0
2026-03-02 13:00:00+00:00,157.50799560546875,157.60499572753906,157.3419952392578,157.37399291992188,0
2026-03-02 14:00:00+00:00,157.48599243164062,157.5679931640625,157.40499877929688,157.51600646972656,0
2026-03-02 15:00:00+00:00,157.7270050048828,157.7530059814453,157.43600463867188,157.43600463867188,0
2026-03-02 16:00:00+00:00,157.48699951171875,157.7519989013672,157.36399841308594,157.7259979248047,0
2026-03-02 17:00:00+00:00,157.36000061035156,157.49600219726562,157.3300018310547,157.47799682617188,0
2026-03-02 18:00:00+00:00,157.37399291992188,157.49200439453125,157.32400512695312,157.35400390625,0
2026-03-02 19:00:00+00:00,157.15199279785156,157.3780059814453,157.11300659179688,157.375,0
2026-03-02 20:00:00+00:00,157.34800720214844,157.49400329589844,157.10800170898438,157.14500427246094,0
2026-03-02 21:00:00+00:00,157.3820037841797,157.40199279785156,157.3179931640625,157.3470001220703,0
2026-03-03 00:00:00+00:00,157.48300170898438,157.51499938964844,157.18499755859375,157.26400756835938,0
2026-03-03 01:00:00+00:00,157.2899932861328,157.59800720214844,157.27499389648438,157.47300720214844,0
2026-03-03 02:00:00+00:00,157.31900024414062,157.39100646972656,157.281005859375,157.281005859375,0
